SCHOOL NAME,LINK TO MENU,API LINK,API MESSAGES,MENU TYPE,,
Littlestown Area High - Littlestown Area School District - PA,https://lasd.nutrislice.com/menu/littlestown-area-high/lunch/2026-03-18,https://lasd.api.nutrislice.com/menu/api/weeks/school/littlestown-area-high/menu-type/lunch/2026/03/01/,https://lasd.api.nutrislice.com/menu/api/messages/school/12106/menu-type/3945/,3945,"12106,",
Upper Adams Intermediate School - Upper Adams School District - PA,https://upperadams.nutrislice.com/menu/hsms-schedule-a/lunch,https://upperadams.api.nutrislice.com/menu/api/weeks/school/hsms-schedule-a/menu-type/lunch/2026/03/01/,https://upperadams.api.nutrislice.com/menu/api/messages/school/12748/menu-type/1728/,1728,"12748,",
Upper Adams MIddle School - Upper Adams School District - PA,https://upperadams.nutrislice.com/menu/upper-adams-middle-school/lunch,https://upperadams.api.nutrislice.com/menu/api/weeks/school/upper-adams-middle-school/menu-type/lunch/2026/03/01/,https://upperadams.api.nutrislice.com/menu/api/messages/school/12748/menu-type/1728/,1728,"12748,",
Cornell High School - Cornell School District - PA,https://cornellsd.nutrislice.com/menu/cornell-high-school/lunch/2026-03-18,https://cornellsd.api.nutrislice.com/menu/api/weeks/school/cornell-high-school/menu-type/lunch/2026/03/01/,https://cornellsd.api.nutrislice.com/menu/api/messages/school/4180/menu-type/1212/,"1212,","4180,",
Elizabeth Forward High School - Elizabeth Forward School District - PA,https://efsd.nutrislice.com/menu/elizabeth-forward-high-school/lunch/2026-03-18,https://efsd.api.nutrislice.com/menu/api/weeks/school/elizabeth-forward-high-school/menu-type/lunch/2026/03/01/,https://efsd.api.nutrislice.com/menu/api/messages/school/1221/menu-type/1244/,"1244,","1221,",
Elizabeth Forward Middle School - Elizabeth Forward School District - PA,https://efsd.nutrislice.com/menu/elizabeth-forward-middle-school/lunch/2026-03-18,https://efsd.api.nutrislice.com/menu/api/weeks/school/elizabeth-forward-middle-school/menu-type/lunch/2026/03/01/,https://efsd.api.nutrislice.com/menu/api/messages/school/1221/menu-type/1244/,"1244,","1221,",
Montour High School - Montour School District - PA,https://montourschools.nutrislice.com/menu/montour-high-school/lunch/2026-03-18,https://montourschools.api.nutrislice.com/menu/api/weeks/school/montour-high-school/menu-type/lunch/2026/03/01/,https://montourschools.api.nutrislice.com/menu/api/messages/school/1012/menu-type/1097/,"1097,","1012,",
Montoursville Area High - Montoursville Area School District - PA,https://montoursville.nutrislice.com/menu/montoursville-area-high/lunch/2026-03-18,https://montoursville.api.nutrislice.com/menu/api/weeks/school/montoursville-area-high/menu-type/lunch/2026/03/01/,https://montoursville.api.nutrislice.com/menu/api/messages/school/4057/menu-type/4056/,"4056,","4057,",
Northgate Middle/High School - Northgate School District - PA,https://northgatesd.nutrislice.com/menu/northgate-middlehigh-school/lunch/2026-03-18,https://northgatesd.api.nutrislice.com/menu/api/weeks/school/northgate-middlehigh-school/menu-type/lunch/2026/03/01/,https://northgatesd.api.nutrislice.com/menu/api/messages/school/58466/menu-type/28299/,"28299,","58466,",
Pine-Richland High School - Pine-Richland School District - PA,https://pinerichland.nutrislice.com/menu/pine-richland-high-school/lunch/2026-03-18,https://pinerichland.api.nutrislice.com/menu/api/weeks/school/pine-richland-high-school/menu-type/lunch/2026/03/01/,https://pinerichland.api.nutrislice.com/menu/api/messages/school/28250/menu-type/21027/,"21027,","28250,",
Pine-Richland Middle School - Pine-Richland School District - PA,https://pinerichland.nutrislice.com/menu/pine-richland-middle-school/lunch/2026-03-18,https://pinerichland.api.nutrislice.com/menu/api/weeks/school/pine-richland-middle-school/menu-type/lunch/2026/03/01/,https://pinerichland.api.nutrislice.com/menu/api/messages/school/28250/menu-type/21027/,"21027,","28250,",
West Mifflin Area High - West Mifflin Area School District - PA,https://wmasd.nutrislice.com/menu/west-mifflin-area-hs/lunch/2026-03-18,https://wmasd.api.nutrislice.com/menu/api/weeks/school/west-mifflin-area-hs/menu-type/lunch/2026/03/01/,https://wmasd.api.nutrislice.com/menu/api/messages/school/126/menu-type/219/,"219,","126,",
West Mifflin Area Middle - West Mifflin Area School District - PA,https://wmasd.nutrislice.com/menu/west-mifflin-area-ms/lunch/2026-03-18,https://wmasd.api.nutrislice.com/menu/api/weeks/school/west-mifflin-area-ms/menu-type/lunch/2026/03/01/,https://wmasd.api.nutrislice.com/menu/api/messages/school/126/menu-type/219/,"219,","126,",
Beaver Area High - Beaver Area School District - PA,https://beaverareasd.nutrislice.com/menu/beaver-area-high/lunch/2026-03-18,https://beaverareasd.api.nutrislice.com/menu/api/weeks/school/beaver-area-high/menu-type/lunch/2026/03/01/,https://beaverareasd.api.nutrislice.com/menu/api/messages/school/4201/menu-type/2504/,"2504,","4201,",
Beaver Area Middle - Beaver Area School District - PA,https://beaverareasd.nutrislice.com/menu/beaver-area-middle/lunch/2026-03-18,https://beaverareasd.api.nutrislice.com/menu/api/weeks/school/beaver-area-middle/menu-type/lunch/2026/03/01/,https://beaverareasd.api.nutrislice.com/menu/api/messages/school/4201/menu-type/2504/,"2504,","4201,",https://cornellsd.api.nutrislice.com/menu/api/messages/school/4180/menu-type/1212/
Bedford Area High School - Bedford Area School District - PA,https://bedfordasd.nutrislice.com/menu/bedford-area-high-school/lunch/2026-03-18,https://bedfordasd.api.nutrislice.com/menu/api/weeks/school/bedford-area-high-school/menu-type/lunch/2026/03/01/,https://bedfordasd.api.nutrislice.com/menu/api/messages/school/7049/menu-type/8719/,"8719,","7049,",
Bedford Area Middle School - Bedford Area School District - PA,https://bedfordasd.nutrislice.com/menu/bedford-area-middle-school/lunch/2026-03-18,https://bedfordasd.api.nutrislice.com/menu/api/weeks/school/bedford-area-middle-school/menu-type/lunch/2026/03/01/,https://bedfordasd.api.nutrislice.com/menu/api/messages/school/7049/menu-type/8719/,"8719,","7049,",
Chestnut Ridge High - Chestnut Ridge School District - PA,https://chestnutridge.nutrislice.com/menu/chestnut-ridge-high/lunch/2026-03-18,https://chestnutridge.api.nutrislice.com/menu/api/weeks/school/chestnut-ridge-high/menu-type/lunch/2026/03/01/,https://chestnutridge.api.nutrislice.com/menu/api/messages/school/1118/menu-type/1163/,"1163,","1118,",
Chestnut Ridge Middle - Chestnut Ridge School District - PA,https://chestnutridge.nutrislice.com/menu/chestnut-ridge-middle/lunch/2026-03-18,https://chestnutridge.api.nutrislice.com/menu/api/weeks/school/chestnut-ridge-middle/menu-type/lunch/2026/03/01/,https://chestnutridge.api.nutrislice.com/menu/api/messages/school/1118/menu-type/1163/,"1163,","1118,",
Everett Area High - Everett Area School District - PA,https://everett.nutrislice.com/menu/everett-area-high/lunch/2026-03-18,https://everett.api.nutrislice.com/menu/api/weeks/school/everett-area-high/menu-type/lunch/2026/03/01/,https://everett.api.nutrislice.com/menu/api/messages/school/1078/menu-type/1149/,"1149,","1078,",
Everett Area Middle - Everett Area School District - PA,https://everett.nutrislice.com/menu/everett-area-middle/lunch,https://everett.api.nutrislice.com/menu/api/weeks/school/everett-area-middle/menu-type/lunch/2026/03/01/,https://everett.api.nutrislice.com/menu/api/messages/school/1078/menu-type/1149/,"1149,","1078,",
Tussey Mountain High - Tussey Mountain School District - PA,https://tmsd.nutrislice.com/menu/tussey-mountain-high/lunch/2026-03-18,https://tmsd.api.nutrislice.com/menu/api/weeks/school/tussey-mountain-high/menu-type/lunch/2026/03/01/,https://tmsd.api.nutrislice.com/menu/api/messages/school/1253/menu-type/1256/,"1256,","1253,",
"Berks Catholic HS - Reading, PA - PA",https://berkscatholic.nutrislice.com/menu/berks-catholic-high-school/lunch/2026-03-18,https://berkscatholic.api.nutrislice.com/menu/api/weeks/school/berks-catholic-high-school/menu-type/lunch/2026/03/01/,https://berkscatholic.api.nutrislice.com/menu/api/messages/school/30736/menu-type/4505/,"4505,","30736,",
Bellwood-Antis High School - Bellwood-Antis School District - PA,https://tuckahoe.nutrislice.com/menu/bellwood-antis-high-school/lunch/2026-03-18,https://tuckahoe.api.nutrislice.com/menu/api/weeks/school/bellwood-antis-high-school/menu-type/lunch/2026/03/01/,https://tuckahoe.api.nutrislice.com/menu/api/messages/school/1212/menu-type/1238/,"1238,","1212,",
Bellwood-Antis Middle School - Bellwood-Antis School District - PA,https://tuckahoe.nutrislice.com/menu/bellwood-antis-middle-school/lunch/2026-03-18,https://tuckahoe.api.nutrislice.com/menu/api/weeks/school/bellwood-antis-middle-school/menu-type/lunch/2026/03/01/,https://tuckahoe.api.nutrislice.com/menu/api/messages/school/1212/menu-type/1238/,"1238,","1212,",
Tyrone Area High School - Tyrone Area School District - PA,https://tyrone.nutrislice.com/menu/tyrone-area-high-school/lunch/2026-03-18,https://tyrone.api.nutrislice.com/menu/api/weeks/school/tyrone-area-high-school/menu-type/lunch/2026/03/01/,https://tyrone.api.nutrislice.com/menu/api/messages/school/1232/menu-type/1250/,"1250,","1232,",
Tyrone Area Middle School - Tyrone Area School District - PA,https://tyrone.nutrislice.com/menu/tyrone-area-middle-school/lunch/2026-03-18,https://tyrone.api.nutrislice.com/menu/api/weeks/school/tyrone-area-middle-school/menu-type/lunch/2026/03/01/,https://tyrone.api.nutrislice.com/menu/api/messages/school/1232/menu-type/1250/,"1250,","1232,",
Central Bucks East High - Central Bucks School District - PA,https://cbsd.nutrislice.com/menu/central-bucks-east-high/lunch/2026-03-18,https://cbsd.api.nutrislice.com/menu/api/weeks/school/central-bucks-east-high/menu-type/lunch/2026/03/01/,https://cbsd.api.nutrislice.com/menu/api/messages/school/73/menu-type/17/,"17,","73,",
Central Bucks South High - Central Bucks School District - PA,https://cbsd.nutrislice.com/menu/central-bucks-south-high/lunch/2026-03-18,https://cbsd.api.nutrislice.com/menu/api/weeks/school/central-bucks-south-high/menu-type/lunch/2026/03/01/,https://cbsd.api.nutrislice.com/menu/api/messages/school/73/menu-type/17/,"17,","73,",
Central Bucks West High - Central Bucks School District - PA,https://cbsd.nutrislice.com/menu/central-bucks-west-high/lunch/2026-03-18,https://cbsd.api.nutrislice.com/menu/api/weeks/school/central-bucks-west-high/menu-type/lunch/2026/03/01/,https://cbsd.api.nutrislice.com/menu/api/messages/school/73/menu-type/17/,"17,","73,",
Council Rock High School North - Council Rock School District - PA,https://crsd.nutrislice.com/menu/council-rock-high-school-north/lunch/2026-03-18,https://crsd.api.nutrislice.com/menu/api/weeks/school/council-rock-high-school-north/menu-type/lunch/2026/03/01/,https://crsd.api.nutrislice.com/menu/api/messages/school/8252/menu-type/6281/,"6281,","8252,",
Council Rock High School South - Council Rock School District - PA,https://crsd.nutrislice.com/menu/council-rock-high-school-south/lunch/2026-03-18,https://crsd.api.nutrislice.com/menu/api/weeks/school/council-rock-high-school-south/menu-type/lunch/2026/03/01/,https://crsd.api.nutrislice.com/menu/api/messages/school/8252/menu-type/6281/,"6281,","8252,",
Pennsbury High - Pennsbury School District - PA,https://pennsbury.nutrislice.com/menu/pennsbury/lunch/2026-03-18,https://pennsbury.api.nutrislice.com/menu/api/weeks/school/pennsbury/menu-type/lunch/2026/03/01/,https://pennsbury.api.nutrislice.com/menu/api/messages/school/205/menu-type/152/,"152,","205,",
Mars Area High School - Mars Area School District - PA,http://marsareasd.nutrislice.com/menu/mars-area/lunch/2026-03-18,https://marsareasd.api.nutrislice.com/menu/api/weeks/school/mars-area/menu-type/lunch/2026/03/01/,https://marsareasd.api.nutrislice.com/menu/api/messages/school/112/menu-type/92/,"92,","112,",
Mars Area Middle School - Mars Area School District - PA,https://marsareasd.nutrislice.com/menu/mars-area-ms/lunch/2026-03-18,https://marsareasd.api.nutrislice.com/menu/api/weeks/school/mars-area-ms/menu-type/lunch/2026/03/01/,https://marsareasd.api.nutrislice.com/menu/api/messages/school/112/menu-type/92/,"92,","112,",
Greater Johnstown Middle - Greater Johnstown School District - PA,https://gjsd.nutrislice.com/menu/greater-johnstown-ms/lunch/2026-03-18,https://gjsd.api.nutrislice.com/menu/api/weeks/school/greater-johnstown-ms/menu-type/lunch/2026/03/01/,https://gjsd.api.nutrislice.com/menu/api/messages/school/178/menu-type/16329/,"16329,","178,",
Greater Johnstown Senior High - Greater Johnstown School District - PA,https://gjsd.nutrislice.com/menu/greater-johnstown-hs/lunch/2026-03-18,https://gjsd.api.nutrislice.com/menu/api/weeks/school/greater-johnstown-hs/menu-type/lunch/2026/03/01/,https://gjsd.api.nutrislice.com/menu/api/messages/school/178/menu-type/16329/,"16329,","178,",
Northern Cambria High - North Cambria School District - PA,https://ncsd1.nutrislice.com/menu/northern-cambria-high/lunch/2026-03-18,https://ncsd1.api.nutrislice.com/menu/api/weeks/school/northern-cambria-high/menu-type/lunch/2026/03/01/,https://ncsd1.api.nutrislice.com/menu/api/messages/school/1386/menu-type/1328/,"1328,","1386,",
Penn Cambria High - Penn Cambria School District - PA,https://pcam.nutrislice.com/menu/penn-cambria-high/lunch/2026-03-18,https://pcam.api.nutrislice.com/menu/api/weeks/school/penn-cambria-high/menu-type/lunch/2026/03/01/,https://pcam.api.nutrislice.com/menu/api/messages/school/1337/menu-type/1302/,"1302,","1337,",
Penn Cambria Middle - Penn Cambria School District - PA,https://pcam.nutrislice.com/menu/penn-cambria-middle/lunch/2026-03-18,https://pcam.api.nutrislice.com/menu/api/weeks/school/penn-cambria-middle/menu-type/lunch/2026/03/01/,https://pcam.api.nutrislice.com/menu/api/messages/school/1337/menu-type/1302/,"1302,","1337,",
Cameron County High School - Cameron County SD - PA,https://camcosd.nutrislice.com/menu/cameron-county-school-district/lunch/2026-03-18,https://camcosd.api.nutrislice.com/menu/api/weeks/school/cameron-county-school-district/menu-type/lunch/2026/03/01/,https://camcosd.api.nutrislice.com/menu/api/messages/school/4684/menu-type/4779/,"4779,","4684,",
Jim Thorpe Area High School - Jim Thorpe Area School District - PA,https://jimthorpesd.nutrislice.com/menu/jim-thorpe-area/lunch/2026-03-18,https://jimthorpesd.api.nutrislice.com/menu/api/weeks/school/jim-thorpe-area/menu-type/lunch/2026/03/01/,https://jimthorpesd.api.nutrislice.com/menu/api/messages/school/175/menu-type/78/,"78,","175,",
Lehighton High School - Lehighton Area School District - PA,https://lehighton.nutrislice.com/menu/lehighton-high/lunch/2026-03-18,https://lehighton.api.nutrislice.com/menu/api/weeks/school/lehighton-high/menu-type/lunch/2026/03/01/,https://lehighton.api.nutrislice.com/menu/api/messages/school/1034/menu-type/1115/,"1115,","1034,",
Panther Valley Junior/Senior High - Panther Valley School District - PA,https://panthervalley.nutrislice.com/menu/panther-valley-juniorsenior-high/lunch/2026-03-18,https://panthervalley.api.nutrislice.com/menu/api/weeks/school/panther-valley-juniorsenior-high/menu-type/lunch/2026/03/01/,https://panthervalley.api.nutrislice.com/menu/api/messages/school/1449/menu-type/1369/,"1369,","1449,",
Weatherly Area High School - Weatherly Area School District - PA,https://weatherlysd.nutrislice.com/menu/weatherly-high/lunch/2026-03-18,https://weatherlysd.api.nutrislice.com/menu/api/weeks/school/weatherly-high/menu-type/lunch/2026/03/01/,https://weatherlysd.api.nutrislice.com/menu/api/messages/school/1175/menu-type/1208/,"1208,","1175,",
Weatherly Area Elementary/Middle School - Weatherly Area School District - PA,https://weatherlysd.nutrislice.com/menu/weatherly-elementary-middle/lunch/2026-03-18,https://weatherlysd.api.nutrislice.com/menu/api/weeks/school/weatherly-elementary-middle/menu-type/lunch/2026/03/01/,https://weatherlysd.api.nutrislice.com/menu/api/messages/school/1175/menu-type/1208/,"1208,","1175,",
Moshannon Valley Jr./Sr. High - Moshannon Valley School District - PA,https://movalley.nutrislice.com/menu/moshannon-valley-jrsr-high/lunch/2026-03-18,https://movalley.api.nutrislice.com/menu/api/weeks/school/moshannon-valley-jrsr-high/menu-type/lunch/2026/03/01/,https://movalley.api.nutrislice.com/menu/api/messages/school/954/menu-type/1073/,"1073,","954,",
Benton Area High - Benton Area School District - PA,https://bentonschools.nutrislice.com/menu/benton-high-school/lunch/2026-03-18,https://bentonschools.api.nutrislice.com/menu/api/weeks/school/benton-high-school/menu-type/lunch/2026/03/01/,https://bentonschools.api.nutrislice.com/menu/api/messages/school/1301/menu-type/190/,"190,","1301,",
Penncrest High School - Rose Tree Media School District - PA,https://rtmsd.nutrislice.com/menu/penncrest-high-school/lunch/2026-03-18,https://rtmsd.api.nutrislice.com/menu/api/weeks/school/penncrest-high-school/menu-type/lunch/2026/03/01/,https://rtmsd.api.nutrislice.com/menu/api/messages/school/41572/menu-type/9961/,"9961,","41572,",
Big Spring High - Big Spring School District - PA,https://bigspringsd.nutrislice.com/menu/big-spring-high/lunch/2026-03-18,https://bigspringsd.api.nutrislice.com/menu/api/weeks/school/big-spring-high/menu-type/lunch/2026/03/01/,https://bigspringsd.api.nutrislice.com/menu/api/messages/school/1309/menu-type/374/,"374,","1309,",
Big Spring Middle - Big Spring School District - PA,https://bigspringsd.nutrislice.com/menu/big-spring-middle/lunch/2026-03-18,https://bigspringsd.api.nutrislice.com/menu/api/weeks/school/big-spring-middle/menu-type/lunch/2026/03/01/,https://bigspringsd.api.nutrislice.com/menu/api/messages/school/1309/menu-type/374/,"374,","1309,",
Boiling Springs High - South Middleton School District - PA,https://smsd.nutrislice.com/menu/boiling-springs-high/lunch/2026-03-18,https://smsd.api.nutrislice.com/menu/api/weeks/school/boiling-springs-high/menu-type/lunch/2026/03/01/,https://smsd.api.nutrislice.com/menu/api/messages/school/6068/menu-type/2209/,"2209,","6068,",
Lower Dauphin High School - Lower Dauphin School District - PA,https://ldsd.nutrislice.com/menu/lower-dauphin-high-school/lunch/2026-03-18,https://ldsd.api.nutrislice.com/menu/api/weeks/school/lower-dauphin-high-school/menu-type/lunch/2026/03/01/,https://ldsd.api.nutrislice.com/menu/api/messages/school/1376/menu-type/392/,"392,","1376,",
Lower Dauphin Middle School - Lower Dauphin School District - PA,https://ldsd.nutrislice.com/menu/lower-dauphin/lunch/2026-03-18,https://ldsd.api.nutrislice.com/menu/api/weeks/school/lower-dauphin/menu-type/lunch/2026/03/01/,https://ldsd.api.nutrislice.com/menu/api/messages/school/1376/menu-type/392/,"392,","1376,",
Steelton-Highspire Jr. Sr. High School - Steelton-Highspire School District - PA,https://shsd.nutrislice.com/menu/high-school/lunch/2026-03-18,https://shsd.api.nutrislice.com/menu/api/weeks/school/high-school/menu-type/lunch/2026/03/01/,https://shsd.api.nutrislice.com/menu/api/messages/school/3650/menu-type/827/,"827,","3650,",
Millersburg Area High School/ Middle School - Millersburg Area School District - PA,https://mlbgsd.nutrislice.com/menu/millersburg-area-high-school-middle-school/lunch/2026-03-18,https://mlbgsd.api.nutrislice.com/menu/api/weeks/school/millersburg-area-high-school-middle-school/menu-type/lunch/2026/03/01/,https://mlbgsd.api.nutrislice.com/menu/api/messages/school/1458/menu-type/1383/,"1383,","1458,",
Garnet Valley High School - Garnet Valley School District - PA,https://garnetvalleyschools.nutrislice.com/menu/garnet-valley-high-school/lunch/2026-03-18,https://garnetvalleyschools.api.nutrislice.com/menu/api/weeks/school/garnet-valley-high-school/menu-type/lunch/2026/03/01/,https://garnetvalleyschools.api.nutrislice.com/menu/api/messages/school/2603/menu-type/767/,"767,","2603,",
Garnet Valley Middle School - Garnet Valley School District - PA,https://garnetvalleyschools.nutrislice.com/menu/garnet-valley-middle-school/lunch/2026-03-18,https://garnetvalleyschools.api.nutrislice.com/menu/api/weeks/school/garnet-valley-middle-school/menu-type/lunch/2026/03/01/,https://garnetvalleyschools.api.nutrislice.com/menu/api/messages/school/2603/menu-type/767/,"767,","2603,",
Interboro High - Interboro School District - PA,https://interborosd.nutrislice.com/menu/interboro-high/high-school-lunch-2023-2024/2026-03-18,https://interborosd.api.nutrislice.com/menu/api/weeks/school/interboro-high/menu-type/high-school-lunch-2023-2024/2026/03/01/,https://interborosd.api.nutrislice.com/menu/api/messages/school/4873/menu-type/21412/,"21412,","4873,",
Springfield Middle School - Springfield School District - PA,https://springfield-schools.nutrislice.com/menu/springfield-middle-school/lunch/2026-03-18,https://springfield-schools.api.nutrislice.com/menu/api/weeks/school/springfield-middle-school/menu-type/lunch/2026/03/01/,https://springfield-schools.api.nutrislice.com/menu/api/messages/school/16230/menu-type/7907/,"7907,","16230,",
Springfield High School - Springfield School District - PA,https://springfield-schools.nutrislice.com/menu/springfield-high-school/lunch/2026-03-18,https://springfield-schools.api.nutrislice.com/menu/api/weeks/school/springfield-high-school/menu-type/lunch/2026/03/01/,https://springfield-schools.api.nutrislice.com/menu/api/messages/school/16230/menu-type/7907/,"7907,","16230,",
William Penn High School - York City School District - PA,https://ycs.nutrislice.com/menu/william-penn-high-school/lunch/2026-03-18,https://ycs.api.nutrislice.com/menu/api/weeks/school/william-penn-high-school/menu-type/lunch/2026/03/01/,https://ycs.api.nutrislice.com/menu/api/messages/school/4399/menu-type/2684/,"2684,","4399,",
William Penn Middle - Pennsbury School District - PA,https://pennsbury.nutrislice.com/menu/william-penn/lunch/2026-03-18,https://pennsbury.api.nutrislice.com/menu/api/weeks/school/william-penn/menu-type/lunch/2026/03/01/,https://pennsbury.api.nutrislice.com/menu/api/messages/school/205/menu-type/152/,"152,","205,",
 Bishop Guilfoyle Catholic High School - PA,https://bishopguilfoyle.nutrislice.com/menu/high-school/lunch/2026-03-18,https://bishopguilfoyle.api.nutrislice.com/menu/api/weeks/school/high-school/menu-type/lunch/2026/03/01/,https://bishopguilfoyle.api.nutrislice.com/menu/api/messages/school/1435/menu-type/1365/,"1365,","1435,",
Indiana Area Senior High School - Indiana Area School District - PA,https://iasd.nutrislice.com/menu/indiana-area-senior-high-school/lunch/2026-03-18,https://iasd.api.nutrislice.com/menu/api/weeks/school/indiana-area-senior-high-school/menu-type/lunch/2026/03/01/,https://iasd.api.nutrislice.com/menu/api/messages/school/1615/menu-type/464/,"464,","1615,",
Carbondale Area Jr/Sr HS - Carbondale Area School District - PA,https://ca.nutrislice.com/menu/carbondale-area-jrsr-hs/lunch/2026-03-18,https://ca.api.nutrislice.com/menu/api/weeks/school/carbondale-area-jrsr-hs/menu-type/lunch/2026/03/01/,https://ca.api.nutrislice.com/menu/api/messages/school/191/menu-type/114/,"114,","191,",
Dunmore High - Dunmore School District - PA,https://dunmore.nutrislice.com/menu/dunmore-high/lunch/2026-03-18,https://dunmore.api.nutrislice.com/menu/api/weeks/school/dunmore-high/menu-type/lunch/2026/03/01/,https://dunmore.api.nutrislice.com/menu/api/messages/school/951/menu-type/1071/,"1071,","951,",
Lakeland High School - Lakeland School District (PA) - PA,https://lakelandsd.nutrislice.com/menu/lakeland-high-school/lunch/2026-03-18,https://lakelandsd.api.nutrislice.com/menu/api/weeks/school/lakeland-high-school/menu-type/lunch/2026/03/01/,https://lakelandsd.api.nutrislice.com/menu/api/messages/school/297/menu-type/285/,"285,","297,",
Old Forge Jr/Sr High - Old Forge School District - PA,https://oldforgesd.nutrislice.com/menu/old-forge-jrsr-high/lunch/2026-03-18,https://oldforgesd.api.nutrislice.com/menu/api/weeks/school/old-forge-jrsr-high/menu-type/lunch/2026/03/01/,https://oldforgesd.api.nutrislice.com/menu/api/messages/school/194/menu-type/119/,"119,","194,",
Hempfield High - Hempfield SD (PA) - PA,https://hempfieldsd.nutrislice.com/menu/hempfield-high/lunch/2026-03-18,https://hempfieldsd.api.nutrislice.com/menu/api/weeks/school/hempfield-high/menu-type/lunch/2026/03/01/,https://hempfieldsd.api.nutrislice.com/menu/api/messages/school/34097/menu-type/6173/,"6173,","34097,",
Lebanon High School - Lebanon School District - PA,https://lebanon.nutrislice.com/menu/lebanon-high/lunch/2026-03-18,https://lebanon.api.nutrislice.com/menu/api/weeks/school/lebanon-high/menu-type/lunch/2026/03/01/,https://lebanon.api.nutrislice.com/menu/api/messages/school/1135/menu-type/1174/,"1174,","1135,",
Lebanon Junior High School - Lebanon School District - PA,http://lebanon.nutrislice.com/menu/lebanon-junior-high-school/lunch/2026-03-18,https://lebanon.api.nutrislice.com/menu/api/weeks/school/lebanon-junior-high-school/menu-type/lunch/2026/03/01/,https://lebanon.api.nutrislice.com/menu/api/messages/school/1135/menu-type/1174/,"1174,","1135,",
Palmyra Area High School - Palmyra Area School District - PA,https://palmyraportal.nutrislice.com/menu/palmyra-area-high-school/lunch,https://palmyraportal.api.nutrislice.com/menu/api/weeks/school/palmyra-area-high-school/menu-type/lunch/2026/03/01/,https://palmyraportal.api.nutrislice.com/menu/api/messages/school/1389/menu-type/1330/,"1330,","1389,",
Palmyra Area Middle School - Palmyra Area School District - PA,http://palmyraportal.nutrislice.com/menu/palmyra-area-middle-school/lunch/2026-03-18,https://palmyraportal.api.nutrislice.com/menu/api/weeks/school/palmyra-area-middle-school/menu-type/lunch/2026/03/01/,https://palmyraportal.api.nutrislice.com/menu/api/messages/school/1389/menu-type/1330/,"1330,","1389,",
Northwestern Lehigh School District - PA,https://nwlehighsd.nutrislice.com/menu/high-school-2/lunch/2026-03-18,https://nwlehighsd.api.nutrislice.com/menu/api/weeks/school/high-school-2/menu-type/lunch/2026/03/01/,https://nwlehighsd.api.nutrislice.com/menu/api/messages/school/7233/menu-type/8800/,"8800,","7233,",
,https://dallastown.nutrislice.com/menu/dallastown-area-high-school/lunch/2026-03-18,https://dallastown.api.nutrislice.com/menu/api/weeks/school/dallastown-area-high-school/menu-type/lunch/2026/03/01/,https://dallastown.api.nutrislice.com/menu/api/messages/school/334/menu-type/53/,"53,","334,",
Dallastown Area Middle School - Dallastown Area School District - PA,https://dallastown.nutrislice.com/menu/dallastown-area-middle-school/lunch/2026-03-18,https://dallastown.api.nutrislice.com/menu/api/weeks/school/dallastown-area-middle-school/menu-type/lunch/2026/03/01/,https://dallastown.api.nutrislice.com/menu/api/messages/school/334/menu-type/53/,"53,","334,",
Hazleton Area High School - Hazleton Area School District - PA,https://hasdk12.nutrislice.com/menu/hazleton-area-high-school/lunch-high-schools/2026-03-18,https://hasdk12.api.nutrislice.com/menu/api/weeks/school/hazleton-area-high-school/menu-type/lunch/2026/03/01/,https://hasdk12.api.nutrislice.com/menu/api/messages/school/1054/menu-type/None/,"None,","1054,",
Northwest Area High - Northwest Area School District - PA,https://nwschools.nutrislice.com/menu/northwest-high-school/davinci-secondary-lunch-sy-2223/2026-03-18,https://nwschools.api.nutrislice.com/menu/api/weeks/school/northwest-high-school/menu-type/davinci-secondary-lunch-sy-2223/2026/03/01/,https://nwschools.api.nutrislice.com/menu/api/messages/school/4568/menu-type/12831/,"12831,","4568,",
Wilkes-Barre Area High School - Wilkes-Barre Area School District - PA,https://wbasd.nutrislice.com/menu/wilkes-barre-area-high-school/lunch/2026-03-18,https://wbasd.api.nutrislice.com/menu/api/weeks/school/wilkes-barre-area-high-school/menu-type/lunch/2026/03/01/,https://wbasd.api.nutrislice.com/menu/api/messages/school/7266/menu-type/1083/,"1083,","7266,",
South Williamsport High School - South Williamsport Area School District - PA,https://swasd.nutrislice.com/menu/south-williamsport-high-school/lunch/2026-03-18,https://swasd.api.nutrislice.com/menu/api/weeks/school/south-williamsport-high-school/menu-type/lunch/2026/03/01/,https://swasd.api.nutrislice.com/menu/api/messages/school/1198/menu-type/1224/,"1224,","1198,",
Port Allegany High - Port Allegany School District - PA,https://pasdedu.nutrislice.com/menu/port-allegany-high/lunch/2026-03-18,https://pasdedu.api.nutrislice.com/menu/api/weeks/school/port-allegany-high/menu-type/lunch/2026/03/01/,https://pasdedu.api.nutrislice.com/menu/api/messages/school/3855/menu-type/3836/,"3836,","3855,",
Methacton High - Methacton School District - PA,https://methacton.nutrislice.com/menu/methacton-high/lunch/2026-03-18,https://methacton.api.nutrislice.com/menu/api/weeks/school/methacton-high/menu-type/lunch/2026/03/01/,https://methacton.api.nutrislice.com/menu/api/messages/school/5601/menu-type/3583/,"3583,","5601,",
Wissahickon High - Wissahickon School District - PA,https://wsdweb.nutrislice.com/menu/wissahickon-high/lunch/2026-03-18,https://wsdweb.api.nutrislice.com/menu/api/weeks/school/wissahickon-high/menu-type/lunch/2026/03/01/,https://wsdweb.api.nutrislice.com/menu/api/messages/school/1555/menu-type/1533/,"1533,","1555,",
Wissahickon Middle - Wissahickon School District - PA,https://wsdweb.nutrislice.com/menu/wissahickon-middle/lunch/2026-03-18,https://wsdweb.api.nutrislice.com/menu/api/weeks/school/wissahickon-middle/menu-type/lunch/2026/03/01/,https://wsdweb.api.nutrislice.com/menu/api/messages/school/1555/menu-type/1533/,"1533,","1555,",
Bangor Area High School - Bangor Area School District - PA,https://bangor.nutrislice.com/menu/bangor-high-school/lunch/2026-03-18,https://bangor.api.nutrislice.com/menu/api/weeks/school/bangor-high-school/menu-type/lunch/2026/03/01/,https://bangor.api.nutrislice.com/menu/api/messages/school/25016/menu-type/2715/,"2715,","25016,",
Bangor Area Middle School - Bangor Area School District - PA,https://bangor.nutrislice.com/menu/bangor-middle-school/breakfast,https://bangor.api.nutrislice.com/menu/api/weeks/school/bangor-middle-school/menu-type/lunch/2026/03/01/,https://bangor.api.nutrislice.com/menu/api/messages/school/25016/menu-type/2715/,"2715,","25016,",
Northampton Area High School - Northampton Area School District - PA,https://nasd.nutrislice.com/menu/northampton-area-high-school/lunch/2026-03-18,https://nasd.api.nutrislice.com/menu/api/weeks/school/northampton-area-high-school/menu-type/lunch/2026/03/01/,https://nasd.api.nutrislice.com/menu/api/messages/school/780/menu-type/99/,"99,","780,",
Northampton Area Middle School - Northampton Area School District - PA,https://nasd.nutrislice.com/menu/northampton-area-middle-school/lunch/2026-03-18,https://nasd.api.nutrislice.com/menu/api/weeks/school/northampton-area-middle-school/menu-type/lunch/2026/03/01/,https://nasd.api.nutrislice.com/menu/api/messages/school/780/menu-type/99/,"99,","780,",
Wilson Area High School - Wilson Area School District - PA,https://wilsonareasd.nutrislice.com/menu/wilson-area-high-school/lunch/2026-03-18,https://wilsonareasd.api.nutrislice.com/menu/api/weeks/school/wilson-area-high-school/menu-type/lunch/2026/03/01/,https://wilsonareasd.api.nutrislice.com/menu/api/messages/school/1379/menu-type/422/,"422,","1379,",
Shamokin Area Middle/High School - Shamokin Area School District - PA,https://shamokinasd.nutrislice.com/menu/shamokin-area-middlehigh-school/lunch/2026-03-18,https://shamokinasd.api.nutrislice.com/menu/api/weeks/school/shamokin-area-middlehigh-school/menu-type/lunch/2026/03/01/,https://shamokinasd.api.nutrislice.com/menu/api/messages/school/1111/menu-type/1161/,"1161,","1111,",
Shikellamy High School - Shikellamy Area School District - PA,https://shikbraves.nutrislice.com/menu/shikellamy-high-school/lunch,https://shikbraves.api.nutrislice.com/menu/api/weeks/school/shikellamy-high-school/menu-type/lunch/2026/03/01/,https://shikbraves.api.nutrislice.com/menu/api/messages/school/6888/menu-type/8517/,"8517,","6888,",
Shikellamy Middle School - Shikellamy Area School District - PA,https://shikbraves.nutrislice.com/menu/shikellamy-middle-school/lunch/2026-03-18,https://shikbraves.api.nutrislice.com/menu/api/weeks/school/shikellamy-middle-school/menu-type/lunch/2026/03/01/,https://shikbraves.api.nutrislice.com/menu/api/messages/school/6888/menu-type/8517/,"8517,","6888,",
Susquenita High - Susquenita - PA,https://susq.nutrislice.com/menu/susquenita-hs/high-school-lunch/2026-03-18,https://susq.api.nutrislice.com/menu/api/weeks/school/susquenita-hs/menu-type/high-school-lunch/2026/03/01/,https://susq.api.nutrislice.com/menu/api/messages/school/145/menu-type/263/,"263,","145,",
Susquenita Middle - Susquenita - PA,https://susq.nutrislice.com/menu/susquenita-ms/middle-school-lunch/2026-03-18,https://susq.api.nutrislice.com/menu/api/weeks/school/susquenita-ms/menu-type/middle-school-lunch/2026/03/01/,https://susq.api.nutrislice.com/menu/api/messages/school/145/menu-type/263/,"261,","145,",
Windber Area High School - Windber Area School District - PA,https://windberschools.nutrislice.com/menu/windber-area-high-school/lunch/2026-03-18,https://windberschools.api.nutrislice.com/menu/api/weeks/school/windber-area-high-school/menu-type/lunch/2026/03/01/,https://windberschools.api.nutrislice.com/menu/api/messages/school/3246/menu-type/2861/,"2861,","3246,",
Sullivan County High - Sullivan County School District - PA,https://sulcosd.nutrislice.com/menu/sullivan-county-high/lunch/2026-03-18,https://sulcosd.api.nutrislice.com/menu/api/weeks/school/sullivan-county-high/menu-type/lunch/2026/03/01/,https://sulcosd.api.nutrislice.com/menu/api/messages/school/1052/menu-type/1141/,"1141,","1052,",
Montrose Area Jr/Sr High School - Montrose Area School District - PA,https://montrosearea.nutrislice.com/menu/montrose-area-jrsr-high-school/lunch/2026-03-18,https://montrosearea.api.nutrislice.com/menu/api/weeks/school/montrose-area-jrsr-high-school/menu-type/lunch/2026/03/01/,https://montrosearea.api.nutrislice.com/menu/api/messages/school/6439/menu-type/6956/,"6956,","6439,",
Yough High School - Yough School District - PA,https://youghsd.nutrislice.com/menu/yough-high-school/lunch/2026-03-18,https://youghsd.api.nutrislice.com/menu/api/weeks/school/yough-high-school/menu-type/lunch/2026/03/01/,https://youghsd.api.nutrislice.com/menu/api/messages/school/1426/menu-type/1342/,"1342,","1426,",
Yough Intermediate Middle School - Yough School District - PA,https://youghsd.nutrislice.com/menu/yough-intermediate-middle-school,https://youghsd.api.nutrislice.com/menu/api/weeks/school/yough-intermediate-middle-school/menu-type/lunch/2026/03/01/,https://youghsd.api.nutrislice.com/menu/api/messages/school/1426/menu-type/1342/,"1342,","1426,",
South Eastern Middle School - South Eastern School District - PA,https://sesdweb.nutrislice.com/menu/kennard-dale-high-school/lunch/2026-03-18,https://sesdweb.api.nutrislice.com/menu/api/weeks/school/kennard-dale-high-school/menu-type/lunch/2026/03/01/,https://sesdweb.api.nutrislice.com/menu/api/messages/school/3887/menu-type/1264/,1264],3887],